﻿Lesson ID;Sentence ID;Category;Chinese;Pinyin;English;Italian;French;Spanish;German;Portuguese;Indonesian;Japanese;Korean;Thai;Arabic;;;;;;;;;;;;;;
1;1;Words;我;wǒ;I;io;je;yo;ich;não;tidak;ない;아니;ไม่;ليس;;;;;;;;;;;;;;
1;2;;你;nǐ;you;tu;tu;tú;du;você;kamu;あなた;당신;คุณ;أنت;;;;;;;;;;;;;;
1;3;;他;tā;he;lui;il;él;er;ele;dia;彼は;그는;เขา;هو;;;;;;;;;;;;;;
1;4;;是;shì;to be;essere;être;ser;sein;é;adalah;です;이다;คือ;يكون;;;;;;;;;;;;;;
1;5;;不;bù;not;no;ne…pas;no;nicht;não;tidak;ない;아니;ไม่;ليس;;;;;;;;;;;;;;
1;6;;好;hǎo;good;bene;bien;bien;gut;bom;baik;良い;좋다;ดี;جيد;;;;;;;;;;;;;;
1;7;;吗;ma;question particle;particella interrogativa;particule interrogative;partícula interrogativa;Fragepartikel;é?;kah;か;까;ไหม;هل؟;;;;;;;;;;;;;;
1;1;Phrases;你好;Nǐ hǎo.;Hello.;Ciao.;Salut.;Hola.;Hallo.;Olá.;Halo.;こんにちは;안녕하세요;สวัสดี;مرحبا;;;;;;;;;;;;;;
1;2;;你好吗？;Nǐ hǎo ma?;How are you?;Come stai?;Comment ça va ?;¿Cómo estás?;Wie geht's?;Como você está?;Apa kabar?;お元気ですか？;잘 지내요?;คุณสบายดีไหม?;كيف حالك؟;;;;;;;;;;;;;;
1;3;;我很好;Wǒ hěn hǎo.;I’m fine.;Sto bene.;Je vais bien.;Estoy bien.;Mir geht's gut.;Estou muito bem.;Saya baik-baik saja.;私は元気です;저는 잘 지내요;ฉันสบายดีมาก;أنا بخير جداً;;;;;;;;;;;;;;
1;4;;你不好吗？;Nǐ bù hǎo ma?;Are you not well?;Non ti senti bene?;Tu ne vas pas bien ?;¿No estás bien?;Geht's dir nicht gut?;Você não está bem?;Kamu tidak baik?;あなたは元気じゃないですか？;너 안 좋니?;คุณไม่สบายหรือ?;ألا تشعر بخير؟;;;;;;;;;;;;;;
1;5;;我不是你！;Wǒ bù shì nǐ.;I am not you!;Io non sono te!;Je ne suis pas toi!;¡Yo no soy tú!;Ich bin nicht du!;Eu não sou você!;Aku bukan kamu!;私はあなたじゃない！;나는 네가 아니야!;ฉันไม่ใช่คุณ!;أنا لست أنت!;;;;;;;;;;;;;;
1;6;;你不是我！;Nǐ bù shì wǒ!;You are not me!;Tu non sei me!;Tu n'es pas moi !;¡Tú no eres yo!;Du bist nicht ich!;Você não é eu!;Kamu bukan aku!;あなたは私じゃない！;너는 내가 아니야!;คุณไม่ใช่ฉัน!;أنت لست أنا!;;;;;;;;;;;;;;
1;7;;他不好;Tā bù hǎo.;He’s not okay.;Lui non sta bene.;Il ne va pas bien.;Él no está bien.;Ihm geht's nicht gut.;Ele não está bem;Dia tidak baik;D彼は良くない;그는 좋지 않다;เขาไม่สบาย;هو ليس بخير;;;;;;;;;;;;;;
2;1;Words;很;hěn;very;molto;très;muy;sehr;muito;sangat;とても;매우;มาก;جداً;;;;;;;;;;;;;;
2;2;;谁;shéi;who;chi;qui;quién;wer;quem;siapa;誰;누가;ใคร;من;;;;;;;;;;;;;;
2;3;;什么;shénme;what;cosa;quoi;qué;was;o que;apa;何;뭐;อะไร;ماذا;;;;;;;;;;;;;;
2;4;;名字;míngzi;name;nome;nom;nombre;Name;nome;nama;名前;이름;ชื่อ;اسم;;;;;;;;;;;;;;
2;5;;叫;jiào;to be called;chiamarsi;s'appeler;llamarse;heißen;ser chamado;memanggil;呼ぶ;부르다;เรียก;يدعى;;;;;;;;;;;;;;
2;6;;的;de;"possessive particle (""’s"")";particella possessiva (“'s”);particule possessive (« 's »);partícula posesiva («'s»);Possessivpartikel („'s“);de;yang;の;의;ของ;أداة الملكية;;;;;;;;;;;;;;
2;7;;人;rén;person;persona;personne;persona;Person;pessoa;orang;人;사람;คน;شخص;;;;;;;;;;;;;;
2;1;Phrases;他很好。;Tā hěn hǎo.;He is very good.;Lui è molto bravo.;Il est très bon.;Él es muy bueno.;Er ist sehr gut.;Ele é muito bom.;Dia sangat baik.;彼はとても良いです。;그는 아주 좋아요.;เขาดีมาก.;إنه جيد جدًا.;;;;;;;;;;;;;;
2;2;;谁叫我？;Shéi jiào wǒ?;Who called me?;Chi mi ha chiamato?;Qui m'a appelé ?;¿Quién me llamó?;Wer hat mich gerufen?;Quem me chamou?;Siapa yang memanggilku?;誰が私を呼んだの？;누가 나를 불렀어?;ใครเรียกฉัน?;من ناداني؟;;;;;;;;;;;;;;
2;3;;你说什么？;Nǐ shuō shénme?;What did you say?;Cosa hai detto?;Qu'as-tu dit ?;¿Qué dijiste?;Was hast du gesagt?;O que você disse?;Apa yang kamu katakan?;何と言いましたか？;뭐라고 말했어?;คุณพูดว่าอะไร?;ماذا قلت؟;;;;;;;;;;;;;;
2;4;;我的名字叫乌萌。;Wǒ de míngzi jiào Wū Méng.;My name is Wu Meng.;Il mio nome è Wu Meng.;Mon nom est Wu Meng.;Mi nombre es Wu Meng.;Mein Name ist Wu Meng.;Meu nome é Wu Meng.;Nama saya Wu Meng.;私の名前はウーメンです。;내 이름은 우멍이야.;ชื่อของฉันคืออูเหมิง.;اسمي وو مينغ.;;;;;;;;;;;;;;
2;5;;你叫什么名字？;Nǐ jiào shénme míngzi?;What is your name?;Come ti chiami?;Comment tu t'appelles ?;¿Cómo te llamas?;Wie heißt du?;Qual é o seu nome?;Siapa nama kamu?;あなたの名前は何ですか？;이름이 뭐예요?;คุณชื่ออะไร?;ما اسمك؟;;;;;;;;;;;;;;
2;6;;这是我的。;Zhè shì wǒ de.;This is mine.;Questo è mio.;C'est le mien.;Esto es mío.;Das ist meins.;Isto é meu.;Ini milikku.;これは私のものです。;이것은 내 것이야.;นี่ของฉัน.;هذا لي.;;;;;;;;;;;;;;
2;7;;他是好人。;Tā shì hǎorén.;He is a good person.;Lui è una brava persona.;C'est une bonne personne.;Él es una buena persona.;Er ist eine guter Mensch.;Ele é uma boa pessoa.;Dia orang baik.;彼は良い人です。;그는 좋은 사람이다.;เขาเป็นคนดี.;إنه شخص جيد.;;;;;;;;;;;;;;
3;1;Words;这;zhè;this;questo;ceci;esto;dieser;isto;ini;これ;이것;นี่;هذا;;;;;;;;;;;;;;
3;2;;那;nà;that;quello;cela;ese;jener;aquilo;itu;あれ;저것;นั่น;ذلك;;;;;;;;;;;;;;
3;3;;谁的;shéi de;whose;di chi;de qui;¿de quién?;wessen;de quem;milik siapa;誰の;누구의;ของใคร;لمن;;;;;;;;;;;;;;
3;4;;她;tā;she;lei;elle;ella;sie;ela;dia;彼女;그녀;เธอ;هي;;;;;;;;;;;;;;
3;5;;哪里;nǎlǐ;where;dove;où;¿dónde?;wo;onde;di mana;どこ;어디;ที่ไหน;أين;;;;;;;;;;;;;;
3;6;;家;jiā;home, family;casa, famiglia;maison, famille;casa, familia;Zuhause, Familie;casa, família;rumah;いえ;집;บ้าน;منزل;;;;;;;;;;;;;;
3;7;;学校;xuéxiào;school;scuola;école;escuela;Schule;escola;sekolah;がっこう;학교;โรงเรียน;مدرسة;;;;;;;;;;;;;;
3;1;Phrases;这是谁的名字？;Zhè shì shéi de míngzi?;Whose name is this?;Come si chiama questo?;À qui appartient ce nom ?;¿De quién es este nombre?;Wessen Name ist das?;De quem é este nome?;Nama siapa ini?;これは誰の名前ですか？;이 이름은 누구의 것인가요?;ชื่อนี้เป็นของใคร?;اسم من هذا؟;;;;;;;;;;;;;;
3;2;;那是什么？;Nà shì shénme?;What is that?;Che cos'è quello?;Qu'est-ce que c'est ?;¿Qué es eso?;Was ist das?;O que é isso?;Itu apa?;それは何ですか？;저것은 무엇인가요?;นั่นคืออะไร?;ما هذا؟;;;;;;;;;;;;;;
3;3;;这是谁的？;Zhè shì shéi de?;Whose is this?;Di chi è questo?;À qui est-ce ?;¿De quién es esto?;Wem gehört das?;De quem é isto?;Ini punya siapa?;これは誰のですか？;이것은 누구의 것인가요?;นี่เป็นของใคร?;هذا لمن؟;;;;;;;;;;;;;;
3;4;;她在哪里？;Tā zài nǎlǐ?;Where is she?;Dove è lei?;Où est-elle ?;¿Dónde está ella?;Wo ist sie?;Onde ela está?;Di mana dia?;彼女はどこですか？;그녀는 어디에 있나요?;เธออยู่ที่ไหน?;أين هي؟;;;;;;;;;;;;;;
3;5;;他在哪里？;Tā zài nǎlǐ?;Where is he?;Dove è lui?;Où est-il ?;¿Dónde está él?;Wo ist er?;Onde ele está?;Dia di mana?;彼はどこにいますか？;그는 어디에 있나요?;เขาอยู่ที่ไหน?;أين هو؟;;;;;;;;;;;;;;
3;6;;我爱我家。;Wǒ ài wǒ jiā.;I love my home.;Amo la mia casa.;J'aime ma maison.;Amo mi casa.;Ich liebe mein Zuhause.;Eu amo minha casa.;Saya mencintai rumah saya.;私は自分の家を愛しています。;나는 내 집을 사랑해요.;ฉันรักบ้านของฉัน.;أنا أحب منزلي.;;;;;;;;;;;;;;
3;7;;学校在哪里？;Xuéxiào zài nǎlǐ?;Where is the school?;Dov'è la scuola?;Où est l'école ?;¿Dónde está la escuela?;Wo ist die Schule?;Onde fica a escola?;Sekolah di mana?;学校はどこですか？;학교는 어디에 있나요?;โรงเรียนอยู่ที่ไหน?;أين المدرسة؟;;;;;;;;;;;;;;
4;1;Words;了;le;(aspect particle: completed action);particella (azione completata);particule (action achevée);partícula (acción completada);Partikel (abgeschlossene Handlung);partícula de aspecto (ação completada);partikel aspek (penyelesaian);アスペクトマーカー（完了）;완료 조사;คำช่วยแสดงแง่มุม (การกระทำเสร็จสิ้น);أداة الجملة (إتمام الفعل);;;;;;;;;;;;;;
4;2;;在;zài;"at; in; be present at";"a; in";"à; dans";en;"bei; in";em;di;で/に;에/에서;ที่;في;;;;;;;;;;;;;;
4;3;;有;yǒu;"to have; there is";"avere; c'è, ci sono";"avoir; il y a";"tener; hay";"haben; es gibt";"haver; ter";ada;ある/いる;있다;มี;يوجد;;;;;;;;;;;;;;
4;4;;个;gè;general measure word;classificatore generale;classificateur général;clasificadora general;allgemeines Zählwort;classificador geral;kata pengklasifikasi umum;～つ;개;คำลักษณนามทั่วไป;أداة تصنيف عامة;;;;;;;;;;;;;;
4;5;;就;jiù;"just; then; right away";"proprio; quindi";"juste; donc";"justo; entonces";"gerade; also";"justo; então";"segera; lalu";"すぐに; ただ";"곧; 바로";"ก็; เพียง";"فقط; حينئذ";;;;;;;;;;;;;;
4;6;;啊;a;(modal softener);dai;hein;eh;mal;ah;dong;ね (ne);야 (ya);นะ;هيا;;;;;;;;;;;;;;
4;7;;都;dōu;"all; both";"tutti; entrambi";"tous; les deux";"todos; ambos";"alle; beide";"todos; ambos";semua;みんな/すべて;모두;"ทั้งหมด; ทุกคน";جميع;;;;;;;;;;;;;;
4;1;Phrases;我吃了。;Wǒ chī le.;I ate.;Ho mangiato.;J'ai mangé.;He comido.;Ich habe gegessen.;Eu comi.;Saya sudah makan.;私は食べた。;나는 먹었어요.;ฉันกินแล้ว.;أنا أكلت.;;;;;;;;;;;;;;
4;2;;他在学校。;Tā zài xuéxiào.;He is at school.;Lui è a scuola.;Il est à l'école.;Él está en la escuela.;Er ist in der Schule.;Ele está na escola.;Dia di sekolah.;彼は学校にいます。;그는 학교에 있어요.;เขาอยู่ที่โรงเรียน.;هو في المدرسة.;;;;;;;;;;;;;;
4;3;;我有一个家。;Wǒ yǒu yī gè jiā.;I have a home.;Ho una casa.;J'ai une maison.;Tengo una casa.;Ich habe ein Zuhause.;Eu tenho uma casa.;Saya punya rumah.;私は家を持っています。;나는 집이 있어요.;ฉันมีบ้าน.;لدي منزل.;;;;;;;;;;;;;;
4;4;;给我一个名字。;Gěi wǒ yī gè míngzi.;Give me a name.;Dammi un nome.;Donne-moi un nom.;Dame un nombre.;Gib mir einen Namen.;Dê-me um nome.;Beri saya nama.;名前をください。;이름을 주세요.;ให้ฉันชื่อ.;أعطني اسماً.;;;;;;;;;;;;;;
4;5;;我就来。;Wǒ jiù lái.;I'll come right away.;Arrivo subito.;J'arrive tout de suite.;Vendré enseguida.;Ich komme gleich.;Chego já.;Saya akan datang.;私はすぐ来ます。;나는 곧 올게요.;ฉันจะมาเดี๋ยวนี้.;سوف آتي فوراً.;;;;;;;;;;;;;;
4;6;;好啊！;Hǎo a!;All right!;Va bene!;D'accord !;¡Vale!;Einverstanden!;Tudo bem!;Baiklah!;いいよ！;좋아요!;โอเค!;حسناً!;;;;;;;;;;;;;;
4;7;;我们都去。;Wǒmen dōu qù.;We all go.;Andiamo tutti.;Nous y allons tous.;Todos vamos.;Wir gehen alle.;Nós todos vamos.;Kita semua pergi.;私たちは皆行きます。;우리 모두 갑니다.;พวกเราทุกคนไป.;نحن جميعاً نذهب.;;;;;;;;;;;;;;
5;1;Words;也;yě;"also; too";anche;aussi;también;auch;também;juga;も;또;ด้วย;أيضاً;;;;;;;;;;;;;;
5;2;;要;yào;"to want; to need";"volere; dovere";"vouloir; devoir";"querer; deber";"wollen; müssen";"querer; dever";ingin;欲しい;원하다;ต้องการ;يريد;;;;;;;;;;;;;;
5;3;;去;qù;to go;andare;aller;ir;gehen;ir;pergi;行く;가다;ไป;يذهب;;;;;;;;;;;;;;
5;4;;说;shuō;"to speak; to say";"parlare; dire";"parler; dire";"hablar; decir";"sprechen; sagen";"dizer; falar";mengatakan;言う;말하다;พูด;يقول;;;;;;;;;;;;;;
5;5;;和;hé;"and; with";"e; con";"et; avec";"y; con";"und; mit";"e; com";dan;と;와;และ;و;;;;;;;;;;;;;;
5;6;;会;huì;"can; to be able to; meeting";"riuscire; potere";pouvoir;poder;können;poder;bisa;できる;할 수 있다;สามารถ;يمكن;;;;;;;;;;;;;;
5;7;;看;kàn;"to see; to look at; to watch";"vedere; guardare";"voir; regarder";"ver; mirar";sehen;"ver; olhar";melihat;見る;보다;ดู;يرى;;;;;;;;;;;;;;
5;1;Phrases;我也去。;Wǒ yě qù.;I also go.;Anch’io vado.;Moi aussi j’y vais.;Yo también voy.;Ich gehe auch.;Eu também vou.;Saya juga pergi.;私も行きます。;나도 간다.;ฉันก็ไป.;أنا أيضا أذهب.;;;;;;;;;;;;;;
5;2;;你要去吗？;Nǐ yào qù ma?;Do you want to go?;Vuoi andare?;Tu veux y aller?;¿Quieres ir?;Willst du gehen?;Você quer ir?;Kamu mau pergi?;あなたは行きたいですか？;너 가고 싶니?;คุณอยากไปไหม?;هل تريد أن تذهب؟;;;;;;;;;;;;;;
5;3;;他去吗？;Tā qù ma?;Is he going?;Lui va?;Il y va?;¿Él va?;Geht er?;Ele vai?;Apakah dia pergi?;彼は行きますか？;그는 가니?;เขาไปไหม?;هل هو ذاهب؟;;;;;;;;;;;;;;
5;4;;你说什么？;Nǐ shuō shénme?;What are you saying?;Cosa stai dicendo?;Qu’est-ce que tu dis?;¿Qué estás diciendo?;Was sagst du?;O que você está dizendo?;Apa yang kamu katakan?;何を言っていますか？;뭐라고 말하니?;คุณพูดว่าอะไร?;ماذا تقول؟;;;;;;;;;;;;;;
5;5;;我和你去。;Wǒ hé nǐ qù.;I go with you.;Vado con te.;Je vais avec toi.;Voy contigo.;Ich gehe mit dir.;Eu vou com você.;Saya pergi denganmu.;私はあなたと一緒に行きます。;나는 너와 함께 간다.;ฉันไปกับคุณ.;أنا ذاهب معك.;;;;;;;;;;;;;;
5;6;;我会说中文。;Wǒ huì shuō Zhōngwén.;I speak Chinese.;Parlo cinese.;Je parle chinois.;Hablo chino.;Ich spreche Chinesisch.;Eu falo chinês.;Saya bisa berbicara Mandarin.;私は中国語を話します。;저는 중국어를 말할 수 있어요.;ฉันพูดภาษาจีนได้.;أنا أتكلم الصينية.;;;;;;;;;;;;;;
5;7;;这个很好看。;Zhè ge hěn hǎokàn.;This is very good-looking.;È molto bello (da vedere).;C'est très beau (à voir).;Está muy bonito (para ver).;Das sieht sehr gut aus.;É muito legal (para ver).;Ini sangat bagus dilihat.;これはとてもきれいです。;이것은 정말 예뻐요.;นี่ดูดีมาก.;هذا يبدو جميلاً جداً.;;;;;;;;;;;;;;
6;1;Words;吧;ba;modal particle (suggestion);particella modale (suggerimento);particule modale (suggestion);partícula modal (sugerencia);Modalpartikel (Vorschlag);partícula modal (sugestão);partikel modal (saran);モーダル助詞 (提案);모달 조사 (제안);ตัวช่วยวลี (ข้อเสนอ);أداة أسلوبية (اقتراح);;;;;;;;;;;;;;
6;2;;自己;zìjǐ;"self; oneself";sé stesso;soi-même;uno mismo;sich selbst;a si mesmo;diri sendiri;自分 (jibun);자신 (jasin);ตัวเอง;نفسه;;;;;;;;;;;;;;
6;3;;到;dào;"to arrive; until";"arrivare; fino a";"arriver; jusqu'à";"llegar; hasta";"ankommen; bis";"chegar; até";"tiba; sampai";"到着する; ～まで (tōchaku suru; made)";"도착하다; 까지 (dochakhada; kkaji)";"มาถึง; จนถึง";"يصل; حتى";;;;;;;;;;;;;;
6;4;;来;lái;to come;venire;venir;venir;kommen;vir;datang;来る (kuru);오다;มา;يأتي;;;;;;;;;;;;;;
6;5;;给;gěi;to give;dare;donner;dar;geben;dar;memberi;与える (ataeru);주다;ให้;يعطي;;;;;;;;;;;;;;
6;6;;上;shàng;"up; to go up";"su; salire";"sur; monter";"arriba; subir";"oben; hinaufgehen";"cima; subir";"naik; atas";"上 (ue); 上がる (agaru)";"위; 올라가다 (olla gada)";"ขึ้น; บน";"فوق; يصعد";;;;;;;;;;;;;;
6;7;;想;xiǎng;"to think; to want";"pensare; desiderare";"penser; vouloir";"pensar; querer";"denken; möchten";"pensar; querer";"berpikir; ingin";"思う (omou); 欲しい (hoshii)";"생각하다; 원하다 (saenggakhada; wonhada)";"คิด; ต้องการ";"يفكر; يريد";;;;;;;;;;;;;;
6;1;Phrases;我们走吧。;Wǒmen zǒu ba.;Let’s go.;Andiamo.;Allons-y.;Vamos.;Lasst uns gehen.;Vamos.;Ayo pergi.;行きましょう。;가자.;ไปกันเถอะ.;هيا نذهب.;;;;;;;;;;;;;;
6;2;;他自己来了。;Tā zìjǐ lái le.;He came by himself.;È venuto da solo.;Il est venu tout seul.;Él vino solo.;Er ist allein gekommen.;Ele veio sozinho.;Dia datang sendiri.;彼は一人で来ました。;그는 혼자 왔어요.;เขามาเอง.;جاء بمفرده.;;;;;;;;;;;;;;
6;3;;我到学校了。;Wǒ dào xuéxiào le.;I have arrived at school.;Sono arrivato a scuola.;Je suis arrivé à l'école.;He llegado a la escuela.;Ich bin in der Schule angekommen.;Eu cheguei à escola.;Saya tiba di sekolah.;私は学校に着きました。;나는 학교에 도착했어요.;ฉันมาถึงโรงเรียนแล้ว.;لقد وصلت إلى المدرسة.;;;;;;;;;;;;;;
6;4;;你来吗？;Nǐ lái ma?;Will you come?;Vieni?;Tu viens ?;¿Vendrás?;Kommst du?;Você vem?;Kamu datang?;来ますか？;올 거예요?;คุณจะมาไหม?;هل ستأتي؟;;;;;;;;;;;;;;
6;5;;给我吧。;Gěi wǒ ba.;Give it to me, please.;Dammelo, per favore.;Donne-le-moi, s’il te plaît.;Dámelo, por favor.;Gib es mir bitte.;Me dê isso, por favor.;Berikan padaku.;ちょうだい。;줘.;ให้ฉันหน่อย.;أعطني ذلك من فضلك.;;;;;;;;;;;;;;
6;6;;上去吧。;Shàng qù ba.;Go up.;Sali su.;Monte.;Sube.;Geh hoch.;Vá para cima.;Naiklah.;上がって。;올라가.;ขึ้นไป.;اصعد.;;;;;;;;;;;;;;
6;7;;我想吃。;Wǒ xiǎng chī.;I want to eat.;Voglio mangiare.;Je veux manger.;Quiero comer.;Ich möchte essen.;Eu quero comer.;Saya ingin makan.;私は食べたいです。;나는 먹고 싶다.;ฉันอยากกิน.;أريد أن آكل.;;;;;;;;;;;;;;
7;1;Words;还;hái;"still; yet; moreover";ancora;encore;aún;noch;ainda;masih;まだ;아직;ยัง;لا يزال;;;;;;;;;;;;;;
7;2;;着;zhe;continuing aspect particle;(particella di aspetto in corso);(particule d’aspect continu);(partícula de aspecto continuado);(Aspektpartikel (fortdauernd));(partícula de aspecto progressivo);(partikel aspek progresif);(継続アスペクト助詞);(진행상 조사);(คำช่วยแสดงลักษณะ (กำลัง));(أداة الاستمرار);;;;;;;;;;;;;;
7;3;;真;zhēn;"really; truly";veramente;vraiment;realmente;wirklich;realmente;sungguh;本当に;정말;จริงๆ;حقًا;;;;;;;;;;;;;;
7;4;;我们;wǒmen;we;noi;nous;nosotros;wir;nós;kita;私たち;우리;พวกเรา;نحن;;;;;;;;;;;;;;
7;5;;爱;ài;to love;amare;aimer;amar;lieben;amar;mencintai;愛す;사랑하다;รัก;يحب;;;;;;;;;;;;;;
7;6;;大;dà;"big; large";grande;grand;grande;groß;grande;besar;大きい;큰;ใหญ่;كبير;;;;;;;;;;;;;;
7;7;;没;méi;"not; have not";non avere;ne pas avoir;no tener;nicht haben;não ter;tidak punya;ない;없다;ไม่มี;ليس لديه;;;;;;;;;;;;;;
7;1;Phrases;我还在家。;Wǒ hái zài jiā.;I am still at home.;Sono ancora a casa.;Je suis encore à la maison.;Estoy aún en casa.;Ich bin noch zu Hause.;Eu ainda estou em casa.;Saya masih di rumah.;私はまだ家にいます。;나는 아직 집에 있어요.;ฉันยังอยู่บ้าน.;ما زلت في المنزل.;;;;;;;;;;;;;;
7;2;;他看着我。;Tā kàn zhe wǒ.;He is looking at me.;Lui mi sta guardando.;Il me regarde.;Él me está mirando.;Er sieht mich an.;Ele está me olhando.;Dia sedang melihatku.;彼は私を見ている。;그는 나를 보고 있다.;เขากำลังมองฉัน.;إنه ينظر إلي.;;;;;;;;;;;;;;
7;3;;这真大。;Zhè zhēn dà.;This is really big.;Questo è veramente grande.;C'est vraiment grand.;Esto es realmente grande.;Das ist wirklich groß.;Isto é realmente grande.;Inilah benar-benar besar.;これは本当に大きい。;이것은 정말 크다.;นี่มันใหญ่จริงๆ.;ذلك كبير حقا.;;;;;;;;;;;;;;
7;4;;我们是好人。;Wǒmen shì hǎorén.;We are good people.;Siamo brave persone.;Nous sommes de bonnes personnes.;Somos buenas personas.;Wir sind gute Menschen.;Nós somos boas pessoas.;Kita orang-orang baik.;私たちは良い人たちです。;우리는 좋은 사람들입니다.;พวกเราเป็นคนดี.;نحن أشخاص طيبون.;;;;;;;;;;;;;;
7;5;;我爱我家。;Wǒ ài wǒ jiā.;I love my home.;Amo la mia casa.;J'aime ma maison.;Amo mi casa.;Ich liebe mein Zuhause.;Eu amo minha casa.;Saya mencintai rumah saya.;私は自宅を愛しています。;나는 내 집을 사랑해요.;ฉันรักบ้านของฉัน.;أنا أحب منزلي.;;;;;;;;;;;;;;
7;6;;这很大。;Zhè hěn dà.;This is very big.;Questo è molto grande.;C'est très grand.;Esto es muy grande.;Das ist sehr groß.;Isto é muito grande.;Itu sangat besar.;これはとても大きい。;이것은 매우 크다.;นี่ใหญ่มาก.;هذا كبير جدا.;;;;;;;;;;;;;;
7;7;;我没吃。;Wǒ méi chī.;I didn't eat.;Non ho mangiato.;Je n'ai pas mangé.;No he comido.;Ich habe nicht gegessen.;Eu não comi.;Saya tidak makan.;私は食べなかった。;나는 먹지 않았다.;ฉันไม่ได้กิน.;لم آكل.;;;;;;;;;;;;;;
